<?xml version="1.0" encoding="UTF-8"?>
<beans xmlns="http://www.springframework.org/schema/beans"
	xmlns:context="http://www.springframework.org/schema/context"
	xmlns:mvc="http://www.springframework.org/schema/mvc" xmlns:xsi="http://www.w3.org/2001/XMLSchema-instance"
	xsi:schemaLocation="
    http://www.springframework.org/schema/beans     
    http://www.springframework.org/schema/beans/spring-beans-3.0.xsd
    http://www.springframework.org/schema/context 
    http://www.springframework.org/schema/context/spring-context-3.0.xsd
    http://www.springframework.org/schema/mvc
    http://www.springframework.org/schema/mvc/spring-mvc-3.0.xsd">

	<mvc:annotation-driven></mvc:annotation-driven>
	<context:component-scan base-package="com.xworkz.payment"></context:component-scan>

	<!-- <bean id="anotherFactoy" -->
	<!-- class=" org.springframework.orm.hibernate5.LocalSessionFactoryBean"> -->
	<!-- <property name="configLocations" -->
	<!-- value="classpath:/hibernate.cfg.xml"></property> -->
	<!-- </bean> -->

	<bean id="dmds"
		class="org.springframework.jdbc.datasource.DriverManagerDataSource">


		<property name="driverClassName" value="com.mysql.jdbc.Driver"></property>
		<property name="url" value="jdbc:mysql://localhost:3306/hibernate"></property>
		<property name="username" value="root"></property>
		<property name="password" value="root"></property>

	</bean>


	<bean id="sessionFactory"
		class="org.springframework.orm.hibernate5.LocalSessionFactoryBean">
		<property name="configLocations" value="classpath:/hibernate.cfg.xml"></property>
		<property name="dataSource" ref="dmds"></property>
		<property name="hibernateProperties">
			<props>
				<prop key="show_sql">true</prop>
				<prop key="format_sql">true</prop>
			</props>

		</property>
       <property name="annotatedClasses">
       <list>
       <value>com.xworkz.payment.dto.PaymentDTO</value>
       </list>
       </property>
	</bean>

</beans>



